{
  "builtin_entity_scope": [],
  "config": {
    "unit_name": "tfidf_vectorizer",
    "use_stemming": true,
    "word_clusters_name": null
  },
  "language_code": "fr",
  "vectorizer": {
    "idf_diag": [
      4.955082494888593,
      5.178226046202803,
      4.955082494888593,
      4.772760938094638,
      5.871373226762748,
      5.178226046202803,
      4.955082494888593,
      5.178226046202803,
      3.4734779539643776,
      5.178226046202803,
      4.367295829986475,
      3.6741486494265287,
      4.4850788656428575,
      4.367295829986475,
      4.61861025826738,
      3.925463077707435,
      5.178226046202803,
      2.826850789039325,
      5.465908118654584,
      4.955082494888593,
      3.791931685082912,
      3.1972245773362196,
      5.465908118654584,
      5.465908118654584,
      5.178226046202803,
      4.4850788656428575,
      3.791931685082912,
      4.772760938094638,
      5.465908118654584,
      5.178226046202803,
      3.5687881337687024,
      5.465908118654584,
      3.068012845856213,
      4.166625134524323,
      4.261935314328648,
      4.955082494888593,
      5.178226046202803,
      4.4850788656428575,
      2.9269342475963076,
      5.178226046202803,
      5.178226046202803,
      5.465908118654584,
      5.178226046202803,
      5.178226046202803,
      3.856470206220483,
      5.178226046202803,
      3.925463077707435,
      5.178226046202803,
      5.465908118654584,
      3.856470206220483,
      4.955082494888593,
      4.772760938094638,
      5.465908118654584,
      5.465908118654584,
      5.178226046202803,
      4.772760938094638,
      4.955082494888593,
      4.772760938094638,
      5.178226046202803,
      4.955082494888593,
      5.465908118654584,
      5.178226046202803,
      4.772760938094638,
      5.465908118654584,
      5.465908118654584,
      5.465908118654584,
      3.1972245773362196,
      4.367295829986475,
      5.465908118654584,
      1.4831160423382306,
      5.178226046202803,
      5.871373226762748,
      4.61861025826738,
      4.955082494888593
    ],
    "vocab": {
      "affirmatif": 0,
      "aller": 1,
      "annul": 2,
      "arret": 3,
      "attendez": 4,
      "attendre": 5,
      "attends": 6,
      "attent": 7,
      "avoir": 8,
      "besoin": 9,
      "bonjour": 10,
      "c": 11,
      "combien": 12,
      "commun": 13,
      "connect": 14,
      "connection": 15,
      "coup": 16,
      "de": 17,
      "deux": 18,
      "ecout": 19,
      "entityfeaturevisitor": 20,
      "etre": 21,
      "expresss": 22,
      "federal": 23,
      "fedex": 24,
      "fin": 25,
      "il": 26,
      "instant": 27,
      "interphone": 28,
      "j": 29,
      "je": 30,
      "l": 31,
      "la": 32,
      "laiss": 33,
      "les": 34,
      "lir": 35,
      "livreur": 36,
      "merc": 37,
      "messag": 38,
      "messagerie": 39,
      "mettr": 40,
      "minut": 41,
      "moi": 42,
      "negat": 43,
      "non": 44,
      "not": 45,
      "ouir": 46,
      "ouvr": 47,
      "parcel": 48,
      "pas": 49,
      "pein": 50,
      "plair": 51,
      "post": 52,
      "postal": 53,
      "prendr": 54,
      "repondr": 55,
      "repons": 56,
      "s": 57,
      "se": 58,
      "second": 59,
      "servic": 60,
      "stop": 61,
      "t": 62,
      "termin": 63,
      "transmettr": 64,
      "transport": 65,
      "un": 66,
      "une": 67,
      "united": 68,
      "unknownword": 69,
      "up": 70,
      "veuillez": 71,
      "y": 72,
      "yep": 73
    }
  }
}