{
  "builtin_entity_scope": [],
  "config": {
    "unit_name": "tfidf_vectorizer",
    "use_stemming": true,
    "word_clusters_name": null
  },
  "language_code": "fr",
  "vectorizer": {
    "idf_diag": [
      4.252586882210513,
      4.812202670145935,
      4.252586882210513,
      3.89591193827178,
      3.3652836872096095,
      5.505349850705881,
      5.505349850705881,
      3.5594397016505672,
      5.099884742597716,
      5.505349850705881,
      3.3652836872096095,
      3.0204432009178803,
      4.812202670145935,
      3.3652836872096095,
      4.001272453929607,
      4.812202670145935,
      3.1539745935424026,
      4.11905548958599,
      3.7135903814778253,
      4.812202670145935,
      4.001272453929607,
      5.099884742597716,
      5.099884742597716,
      4.812202670145935,
      5.505349850705881,
      4.812202670145935,
      5.505349850705881,
      3.1539745935424026,
      1.378215465660789,
      4.812202670145935,
      4.11905548958599
    ],
    "vocab": {
      "affirmatif": 0,
      "aller": 1,
      "annul": 2,
      "bonjour": 3,
      "c": 4,
      "chrono": 5,
      "chronopost": 6,
      "de": 7,
      "dhl": 8,
      "dpd": 9,
      "entityfeaturevisitor": 10,
      "etre": 11,
      "fedex": 12,
      "je": 13,
      "laiss": 14,
      "livreur": 15,
      "messag": 16,
      "negat": 17,
      "non": 18,
      "not": 19,
      "ouir": 20,
      "post": 21,
      "postal": 22,
      "prendr": 23,
      "tnt": 24,
      "transmettr": 25,
      "transport": 26,
      "un": 27,
      "unknownword": 28,
      "up": 29,
      "yep": 30
    }
  }
}