{
  "builtin_entity_scope": [],
  "config": {
    "unit_name": "tfidf_vectorizer",
    "use_stemming": true,
    "word_clusters_name": null
  },
  "language_code": "fr",
  "vectorizer": {
    "idf_diag": [
      4.875359021056555,
      5.098502572370764,
      5.098502572370764,
      5.386184644822546,
      5.098502572370764,
      5.098502572370764,
      4.875359021056555,
      3.349302717561505,
      5.098502572370764,
      4.287572356154436,
      3.5403579543242145,
      5.386184644822546,
      5.386184644822546,
      4.538886784435341,
      4.538886784435341,
      4.538886784435341,
      3.050809729005509,
      5.386184644822546,
      5.386184644822546,
      5.791649752930709,
      4.6930374642626,
      4.405355391810819,
      3.651583589434439,
      3.050809729005509,
      5.098502572370764,
      3.7122082112508736,
      5.098502572370764,
      5.098502572370764,
      3.489064659936664,
      3.9998902837026544,
      4.18221184049661,
      5.098502572370764,
      5.386184644822546,
      4.405355391810819,
      2.847210773764269,
      5.098502572370764,
      4.875359021056555,
      5.386184644822546,
      5.098502572370764,
      4.875359021056555,
      3.7767467323884447,
      5.098502572370764,
      3.8457396038753964,
      5.098502572370764,
      5.386184644822546,
      3.9198475760291185,
      5.098502572370764,
      4.6930374642626,
      5.386184644822546,
      5.386184644822546,
      4.6930374642626,
      4.875359021056555,
      4.6930374642626,
      5.098502572370764,
      4.875359021056555,
      5.386184644822546,
      4.875359021056555,
      5.386184644822546,
      5.098502572370764,
      5.386184644822546,
      3.188960067486326,
      4.287572356154436,
      5.386184644822546,
      1.3431333769879952,
      5.386184644822546,
      5.791649752930709,
      4.538886784435341,
      4.875359021056555
    ],
    "vocab": {
      "affirmatif": 0,
      "aller": 1,
      "annul": 2,
      "attendez": 3,
      "attendre": 4,
      "attends": 5,
      "attent": 6,
      "avoir": 7,
      "besoin": 8,
      "bonjour": 9,
      "c": 10,
      "chrono": 11,
      "chronopost": 12,
      "combien": 13,
      "connect": 14,
      "connection": 15,
      "de": 16,
      "deux": 17,
      "dhl": 18,
      "dpd": 19,
      "ecout": 20,
      "en": 21,
      "entityfeaturevisitor": 22,
      "etre": 23,
      "fedex": 24,
      "il": 25,
      "instant": 26,
      "j": 27,
      "je": 28,
      "laiss": 29,
      "les": 30,
      "lir": 31,
      "livreur": 32,
      "merc": 33,
      "messag": 34,
      "messagerie": 35,
      "mettr": 36,
      "minut": 37,
      "moi": 38,
      "negat": 39,
      "non": 40,
      "not": 41,
      "ouir": 42,
      "ouvr": 43,
      "parcel": 44,
      "pas": 45,
      "pein": 46,
      "plair": 47,
      "prendr": 48,
      "quelqu": 49,
      "repondr": 50,
      "repons": 51,
      "s": 52,
      "se": 53,
      "second": 54,
      "servic": 55,
      "t": 56,
      "tnt": 57,
      "transmettr": 58,
      "transport": 59,
      "un": 60,
      "une": 61,
      "united": 62,
      "unknownword": 63,
      "up": 64,
      "veuillez": 65,
      "y": 66,
      "yep": 67
    }
  }
}