{
  "builtin_entity_scope": [],
  "config": {
    "unit_name": "tfidf_vectorizer",
    "use_stemming": true,
    "word_clusters_name": null
  },
  "language_code": "fr",
  "vectorizer": {
    "idf_diag": [
      4.788724789083652,
      5.299550412849643,
      5.0118683403978626,
      5.705015520957808,
      4.788724789083652,
      4.788724789083652,
      5.0118683403978626,
      4.788724789083652,
      4.318721159837917,
      3.453723722351312,
      4.606403232289698,
      4.45225255246244,
      3.690112500415543,
      5.299550412849643,
      5.705015520957808,
      5.705015520957808,
      3.453723722351312,
      3.1400661634962708,
      5.299550412849643,
      5.299550412849643,
      5.705015520957808,
      5.299550412849643,
      5.299550412849643,
      4.606403232289698,
      3.5649493574615367,
      4.200938124181533,
      5.299550412849643,
      4.318721159837917,
      3.35364026379433,
      5.0118683403978626,
      5.705015520957808,
      5.299550412849643,
      5.0118683403978626,
      3.690112500415543,
      5.0118683403978626,
      3.759105371902494,
      5.0118683403978626,
      3.6255739792779718,
      4.788724789083652,
      4.606403232289698,
      5.299550412849643,
      5.0118683403978626,
      4.45225255246244,
      4.788724789083652,
      4.606403232289698,
      5.0118683403978626,
      4.788724789083652,
      5.299550412849643,
      5.0118683403978626,
      5.0118683403978626,
      3.102325835513424,
      4.318721159837917,
      1.3167583365332898,
      5.299550412849643,
      4.788724789083652
    ],
    "vocab": {
      "affirmatif": 0,
      "aller": 1,
      "annul": 2,
      "attendez": 3,
      "attendre": 4,
      "attends": 5,
      "attent": 6,
      "besoin": 7,
      "bonjour": 8,
      "c": 9,
      "connect": 10,
      "connection": 11,
      "de": 12,
      "deux": 13,
      "dhl": 14,
      "dpd": 15,
      "entityfeaturevisitor": 16,
      "etre": 17,
      "expresss": 18,
      "facteur": 19,
      "factrice": 20,
      "federal": 21,
      "fedex": 22,
      "instant": 23,
      "je": 24,
      "laiss": 25,
      "livreur": 26,
      "merc": 27,
      "messag": 28,
      "mettr": 29,
      "minut": 30,
      "moi": 31,
      "negat": 32,
      "non": 33,
      "not": 34,
      "ouir": 35,
      "ouvr": 36,
      "pas": 37,
      "pein": 38,
      "plair": 39,
      "postal": 40,
      "prendr": 41,
      "repondr": 42,
      "repons": 43,
      "s": 44,
      "se": 45,
      "second": 46,
      "tnt": 47,
      "transmettr": 48,
      "transport": 49,
      "un": 50,
      "une": 51,
      "unknownword": 52,
      "veuillez": 53,
      "yep": 54
    }
  }
}