{
  "builtin_entity_scope": [],
  "config": {
    "unit_name": "tfidf_vectorizer",
    "use_stemming": false,
    "word_clusters_name": null
  },
  "language_code": "en",
  "vectorizer": {
    "idf_diag": [
      3.7767467323884447,
      4.6930374642626,
      4.875359021056555,
      4.875359021056555,
      4.6930374642626,
      4.086901660692284,
      5.386184644822546,
      5.098502572370764,
      3.440274495767232,
      5.098502572370764,
      5.098502572370764,
      4.18221184049661,
      4.875359021056555,
      4.287572356154436,
      4.875359021056555,
      5.098502572370764,
      3.9998902837026544,
      4.287572356154436,
      4.405355391810819,
      4.538886784435341,
      2.8212352873610085,
      5.386184644822546,
      5.098502572370764,
      4.538886784435341,
      5.098502572370764,
      4.086901660692284,
      4.6930374642626,
      5.098502572370764,
      5.098502572370764,
      4.086901660692284,
      4.6930374642626,
      3.9198475760291185,
      5.386184644822546,
      4.538886784435341,
      4.6930374642626,
      4.6930374642626,
      4.18221184049661,
      3.265921108622454,
      4.18221184049661,
      4.538886784435341,
      4.538886784435341,
      5.098502572370764,
      1.5149836339146545,
      4.538886784435341,
      4.287572356154436,
      4.6930374642626,
      4.086901660692284
    ],
    "vocab": {
      "a": 0,
      "affirmative": 1,
      "any": 2,
      "cancel": 3,
      "connect": 4,
      "connection": 5,
      "could": 6,
      "dhl": 7,
      "entityfeaturevisitor": 8,
      "express": 9,
      "federal": 10,
      "get": 11,
      "hello": 12,
      "here": 13,
      "hi": 14,
      "hold": 15,
      "is": 16,
      "left": 17,
      "listen": 18,
      "me": 19,
      "message": 20,
      "messages": 21,
      "minute": 22,
      "moment": 23,
      "negative": 24,
      "no": 25,
      "not": 26,
      "oh": 27,
      "on": 28,
      "one": 29,
      "open": 30,
      "please": 31,
      "postal": 32,
      "read": 33,
      "reply": 34,
      "service": 35,
      "thanks": 36,
      "the": 37,
      "there": 38,
      "this": 39,
      "tnt": 40,
      "today": 41,
      "unknownword": 42,
      "ups": 43,
      "wait": 44,
      "yep": 45,
      "yes": 46
    }
  }
}