{
  "builtin_entity_scope": [],
  "config": {
    "unit_name": "tfidf_vectorizer",
    "use_stemming": false,
    "word_clusters_name": null
  },
  "language_code": "en",
  "vectorizer": {
    "idf_diag": [
      3.759105371902494,
      4.606403232289698,
      5.0118683403978626,
      4.606403232289698,
      4.000267428719383,
      4.788724789083652,
      3.35364026379433,
      5.299550412849643,
      5.299550412849643,
      4.095577608523707,
      4.788724789083652,
      4.200938124181533,
      4.788724789083652,
      5.0118683403978626,
      4.318721159837917,
      4.200938124181533,
      4.45225255246244,
      3.35364026379433,
      5.0118683403978626,
      4.45225255246244,
      4.788724789083652,
      4.095577608523707,
      4.45225255246244,
      5.0118683403978626,
      5.0118683403978626,
      4.000267428719383,
      4.606403232289698,
      3.9132560517297525,
      4.788724789083652,
      4.606403232289698,
      4.606403232289698,
      4.200938124181533,
      4.45225255246244,
      4.606403232289698,
      4.788724789083652,
      1.3483066942682158,
      4.606403232289698,
      4.200938124181533,
      4.606403232289698,
      4.000267428719383
    ],
    "vocab": {
      "a": 0,
      "affirmative": 1,
      "cancel": 2,
      "connect": 3,
      "connection": 4,
      "dhl": 5,
      "entityfeaturevisitor": 6,
      "express": 7,
      "federal": 8,
      "get": 9,
      "hello": 10,
      "here": 11,
      "hi": 12,
      "hold": 13,
      "is": 14,
      "left": 15,
      "me": 16,
      "message": 17,
      "minute": 18,
      "moment": 19,
      "negative": 20,
      "no": 21,
      "not": 22,
      "oh": 23,
      "on": 24,
      "one": 25,
      "open": 26,
      "please": 27,
      "postal": 28,
      "reply": 29,
      "service": 30,
      "thanks": 31,
      "this": 32,
      "tnt": 33,
      "today": 34,
      "unknownword": 35,
      "ups": 36,
      "wait": 37,
      "yep": 38,
      "yes": 39
    }
  }
}