{
  "builtin_entity_scope": [],
  "config": {
    "unit_name": "tfidf_vectorizer",
    "use_stemming": false,
    "word_clusters_name": null
  },
  "language_code": "en",
  "vectorizer": {
    "idf_diag": [
      3.7135903814778253,
      4.11905548958599,
      4.11905548958599,
      4.406737562037771,
      3.1539745935424026,
      4.812202670145935,
      4.812202670145935,
      4.589059118831726,
      4.001272453929607,
      4.589059118831726,
      4.406737562037771,
      3.5594397016505672,
      3.1539745935424026,
      4.252586882210513,
      4.11905548958599,
      4.812202670145935,
      4.406737562037771,
      4.252586882210513,
      4.252586882210513,
      1.4027064856690845,
      4.812202670145935,
      4.252586882210513,
      4.11905548958599
    ],
    "vocab": {
      "a": 0,
      "affirmative": 1,
      "cancel": 2,
      "dhl": 3,
      "entityfeaturevisitor": 4,
      "express": 5,
      "federal": 6,
      "hello": 7,
      "here": 8,
      "hi": 9,
      "is": 10,
      "left": 11,
      "message": 12,
      "negative": 13,
      "no": 14,
      "postal": 15,
      "service": 16,
      "this": 17,
      "tnt": 18,
      "unknownword": 19,
      "ups": 20,
      "yep": 21,
      "yes": 22
    }
  }
}