{
  "builtin_entity_scope": [],
  "config": {
    "unit_name": "tfidf_vectorizer",
    "use_stemming": false,
    "word_clusters_name": null
  },
  "language_code": "en",
  "vectorizer": {
    "idf_diag": [
      3.856470206220483,
      4.772760938094638,
      4.955082494888593,
      4.955082494888593,
      4.367295829986475,
      4.61861025826738,
      4.772760938094638,
      3.7313070632664775,
      5.465908118654584,
      5.178226046202803,
      4.955082494888593,
      4.61861025826738,
      4.61861025826738,
      3.5199979695992702,
      5.178226046202803,
      5.178226046202803,
      4.261935314328648,
      4.955082494888593,
      4.367295829986475,
      4.955082494888593,
      5.465908118654584,
      5.465908118654584,
      3.9995710498611565,
      4.367295829986475,
      4.61861025826738,
      4.61861025826738,
      2.9269342475963076,
      5.178226046202803,
      5.178226046202803,
      4.61861025826738,
      5.178226046202803,
      4.166625134524323,
      4.772760938094638,
      3.5687881337687024,
      4.955082494888593,
      5.465908118654584,
      4.166625134524323,
      4.772760938094638,
      3.9995710498611565,
      5.465908118654584,
      4.61861025826738,
      4.772760938094638,
      4.772760938094638,
      5.178226046202803,
      4.367295829986475,
      3.163323025660538,
      4.166625134524323,
      4.61861025826738,
      4.61861025826738,
      5.178226046202803,
      1.4405564279194345,
      4.772760938094638,
      4.261935314328648,
      4.772760938094638,
      4.166625134524323
    ],
    "vocab": {
      "a": 0,
      "affirmative": 1,
      "any": 2,
      "cancel": 3,
      "close": 4,
      "communication": 5,
      "connect": 6,
      "connection": 7,
      "could": 8,
      "cut": 9,
      "dhl": 10,
      "dialog": 11,
      "end": 12,
      "entityfeaturevisitor": 13,
      "express": 14,
      "federal": 15,
      "get": 16,
      "hello": 17,
      "here": 18,
      "hi": 19,
      "hold": 20,
      "intercom": 21,
      "is": 22,
      "left": 23,
      "listen": 24,
      "me": 25,
      "message": 26,
      "messages": 27,
      "minute": 28,
      "moment": 29,
      "negative": 30,
      "no": 31,
      "not": 32,
      "of": 33,
      "oh": 34,
      "on": 35,
      "one": 36,
      "open": 37,
      "please": 38,
      "postal": 39,
      "read": 40,
      "reply": 41,
      "service": 42,
      "stop": 43,
      "thanks": 44,
      "the": 45,
      "there": 46,
      "this": 47,
      "tnt": 48,
      "today": 49,
      "unknownword": 50,
      "ups": 51,
      "wait": 52,
      "yep": 53,
      "yes": 54
    }
  }
}