{
  "builtin_entity_scope": [],
  "config": {
    "unit_name": "tfidf_vectorizer",
    "use_stemming": true,
    "word_clusters_name": null
  },
  "language_code": "fr",
  "vectorizer": {
    "idf_diag": [
      4.11905548958599,
      3.5594397016505672,
      4.11905548958599,
      5.505349850705881,
      5.099884742597716,
      5.099884742597716,
      3.2540580520993854,
      5.099884742597716,
      4.812202670145935,
      5.505349850705881,
      4.589059118831726,
      4.001272453929607,
      4.589059118831726,
      4.589059118831726,
      3.5594397016505672,
      3.1539745935424026,
      4.252586882210513,
      4.11905548958599,
      5.099884742597716,
      5.099884742597716,
      4.589059118831726,
      4.589059118831726,
      4.812202670145935,
      5.505349850705881,
      1.3309625808102432,
      5.099884742597716,
      4.11905548958599,
      4.252586882210513
    ],
    "vocab": {
      "affirmative": 0,
      "avoir": 1,
      "cancel": 2,
      "chrono": 3,
      "chronopost": 4,
      "dpd": 5,
      "entityfeaturevisitor": 6,
      "expresss": 7,
      "federal": 8,
      "fedex": 9,
      "hello": 10,
      "here": 11,
      "hi": 12,
      "is": 13,
      "left": 14,
      "messag": 15,
      "negat": 16,
      "no": 17,
      "post": 18,
      "postal": 19,
      "servic": 20,
      "this": 21,
      "tnt": 22,
      "transport": 23,
      "unknownword": 24,
      "up": 25,
      "yep": 26,
      "yes": 27
    }
  }
}